P15309;P04626;11067847|9705354;2;dephosphorylation reaction
Q9BZG2;Q15303;15219672;1;dephosphorylation reaction
P05186;P0C0S8;6167574;1;dephosphorylation reaction
P05186;Q92934;PMC3005908;1;dephosphorylation reaction
P49593;Q16566;15680915;1;dephosphorylation reaction
P49593;Q14012;15680915;1;dephosphorylation reaction
P49593;Q13153;11864573;2;dephosphorylation reaction
P49593;Q9UQM7;15140879;1;dephosphorylation reaction
Q8WY54;Q16566;11726284;1;dephosphorylation reaction
Q8WY54;Q13153;11864573;1;dephosphorylation reaction
P08575;P52333;11994288;1;dephosphorylation reaction
P08575;P20963;7526385;1;dephosphorylation reaction
P08575;O60674;11201744;1;dephosphorylation reaction
P08575;P23458;11201744|11994288;3;dephosphorylation reaction
P08575;P29597;11201744;1;dephosphorylation reaction
P08575;Q86WV1;11909961;1;dephosphorylation reaction
P08575;P07948;10415030|7499277;2;dephosphorylation reaction
P08575;P06239;2530588|8433999|2141630|8441403|8576115;2;dephosphorylation reaction
P08575;P06241;1533589;1;dephosphorylation reaction
Q9UNH5;P30305;20956543;2;dephosphorylation reaction
Q9UNH5;Q9UM11;12134069|11598127;3;dephosphorylation reaction
Q9UNH5;P46527;12134069;1;dephosphorylation reaction
Q9UNH5;Q9NQS7;15263015;1;dephosphorylation reaction
Q9UNH5;Q92738;17371873;2;dephosphorylation reaction
Q9UNH5;Q9NQR1;20966048;2;dephosphorylation reaction
Q9UNH5;P30304;17172867;1;dephosphorylation reaction
Q9UNH5;P48200;18574241;1;dephosphorylation reaction
Q9UNH5;P04637;10644693;2;dephosphorylation reaction
Q9UNH5;Q8IXJ6;17488717;1;dephosphorylation reaction
Q9UNH5;Q16659;20236090;1;dephosphorylation reaction
Q9UNH5;Q02241;15282614;1;dephosphorylation reaction
O60729;P30304;21379580;2;dephosphorylation reaction
O60729;P30305;21379580;2;dephosphorylation reaction
O60729;P30307;21379580;2;dephosphorylation reaction
O60729;Q9UM11;18662541;1;dephosphorylation reaction
O60729;Q9NQR1;20966048;2;dephosphorylation reaction
O60729;P04637;10644693;2;dephosphorylation reaction
O60729;Q8IXJ6;17488717|12697818;2;dephosphorylation reaction
O60729;Q13309;18239684;2;dephosphorylation reaction
O60729;Q16659;20236090;1;dephosphorylation reaction
P30304;P28482;15672448;2;dephosphorylation reaction
P30304;P04049;10373531;1;dephosphorylation reaction
P30304;P39880;9707427;1;dephosphorylation reaction
P30304;P00533;11912208;2;dephosphorylation reaction
P30304;P27361;15672448;2;dephosphorylation reaction
P30304;P11802;10454565|11585757;2;dephosphorylation reaction
P30304;P06493;1825803|1913817|1828290|8617791;3;dephosphorylation reaction
P30304;P24941;8617791|1396589|10454565;3;dephosphorylation reaction
P30305;P06493;8440392|8617791;2;dephosphorylation reaction
P30307;P06493;1312880;1;dephosphorylation reaction
Q05D32;P24928;17487459;1;dephosphorylation reaction
O95476;P36894;17141153;2;dephosphorylation reaction
O95476;Q14693;17420445;1;dephosphorylation reaction
Q8WTR2;P45984;11959861;1;dephosphorylation reaction
Q9NRW4;P28482;11733513;1;dephosphorylation reaction
Q9NRW4;P45983;11346645|12204117;3;dephosphorylation reaction
Q9NRW4;Q16539;11346645;2;dephosphorylation reaction
Q9NRW4;P02686;12204117;1;dephosphorylation reaction
Q9NRW4;P40763;16636663;1;dephosphorylation reaction
Q9NRW4;P03372;17384676;2;dephosphorylation reaction
Q68J44;P27361;21199871;1;dephosphorylation reaction
Q68J44;P28482;21199871;1;dephosphorylation reaction
Q68J44;Q16539;21199871;2;dephosphorylation reaction
Q99502;P24928;14628042;1;dephosphorylation reaction
Q99502;P16104;19351884|19234442;3;dephosphorylation reaction
Q99504;P24928;14628042;1;dephosphorylation reaction
Q99504;P16104;19351884|19234442;3;dephosphorylation reaction
Q9Y5B0;P24928;12351650;1;dephosphorylation reaction
Q9H3S7;Q05397;17959146;1;dephosphorylation reaction
Q9H3S7;P12931;21724833;2;dephosphorylation reaction
Q9H3S7;P12830;21724833;1;dephosphorylation reaction
Q9H3S7;P35222;21724833;1;dephosphorylation reaction
P35236;P27361;10702794|10206983;3;dephosphorylation reaction
P35236;Q16539;10206983|19047375;3;dephosphorylation reaction
P35236;P28482;10702794|10206983|16226275;3;dephosphorylation reaction
Q16690;P27361;19741200;1;dephosphorylation reaction
Q16690;P28482;19741200;1;dephosphorylation reaction
Q13202;P45983;8910287|10915787;2;dephosphorylation reaction
Q13202;Q16539;8910287|10915787;2;dephosphorylation reaction
P09923;P16671;21900644;2;dephosphorylation reaction
P09923;P0C0S8;6167574;1;dephosphorylation reaction
Q16667;P24941;7569954|11463386|15530371;3;dephosphorylation reaction
O95278;Q9UMS0;12915448;1;dephosphorylation reaction
O95278;P49841;16959610;2;dephosphorylation reaction
P10586;P35222;10187801;1;dephosphorylation reaction
P10586;P06213;11158333|1321126|7852302|8732688|8995282;3;dephosphorylation reaction
P10586;P10586;11158333;1;dephosphorylation reaction
P10586;P08581;16415345;1;dephosphorylation reaction
Q8NEJ0;P45983;16720344;2;dephosphorylation reaction
P24666;P02730;2418829;1;dephosphorylation reaction
P24666;P15090;1304913;1;dephosphorylation reaction
P24666;P35222;12438242|16287083;1;dephosphorylation reaction
P24666;P12318;17537991;2;dephosphorylation reaction
P24666;P00533;9784386|2787757|7532092;2;dephosphorylation reaction
P24666;Q05397;12055185;2;dephosphorylation reaction
P24666;P06213;17353188|9299573;2;dephosphorylation reaction
P24666;O43561;17537991;1;dephosphorylation reaction
P24666;P24666;8576112|16890200;1;dephosphorylation reaction
P24666;P42229;14637146;2;dephosphorylation reaction
P24666;P35968;10608891;2;dephosphorylation reaction
P24666;P31749;17353188;1;dephosphorylation reaction
P24666;P43403;11976341;1;dephosphorylation reaction
P24666;P12931;19088431;2;dephosphorylation reaction
P24666;P09619;12149261;2;dephosphorylation reaction
Q9Y2R2;P20963;16461343;2;dephosphorylation reaction
Q9Y2R2;P06239;16461343;2;dephosphorylation reaction
Q9Y2R2;P43403;16461343;2;dephosphorylation reaction
P28562;P45984;8626452;1;dephosphorylation reaction
P28562;P27361;20858750|14695202|12676937;3;dephosphorylation reaction
P28562;P45983;9202001;2;dephosphorylation reaction
P28562;Q16539;19741200|9202001;3;dephosphorylation reaction
P28562;P28482;8221888|7939666;2;dephosphorylation reaction
Q13115;P45984;8626452;1;dephosphorylation reaction
Q13115;P28482;7535768|8626452;3;dephosphorylation reaction
Q13115;P27361;7535768;1;dephosphorylation reaction
Q16828;P28482;8670865;2;dephosphorylation reaction
Q99956;P27361;11988087|9030581|18296638;2;dephosphorylation reaction
Q99956;P28482;11988087|9030581|18296638;3;dephosphorylation reaction
Q99956;P45983;18296638;1;dephosphorylation reaction
Q99956;P45984;18296638;1;dephosphorylation reaction
Q99956;Q16539;11988087|9030581|18296638;2;dephosphorylation reaction
Q9Y6W6;P45983;10391943|10597297;3;dephosphorylation reaction
Q9Y6W6;P45984;10597297;1;dephosphorylation reaction
Q9Y6W6;Q16539;10391943|10597297;3;dephosphorylation reaction
O95147;P27361;11123293;2;dephosphorylation reaction
O95147;P45984;11123293;2;dephosphorylation reaction
O95147;Q16539;11123293;1;dephosphorylation reaction
Q9BY84;P45984;11564882;1;dephosphorylation reaction
Q9BY84;P53779;15888437;1;dephosphorylation reaction
Q16829;P28482;9788880;2;dephosphorylation reaction
Q9BVJ7;P27361;15147733;1;dephosphorylation reaction
Q9BVJ7;P02686;15281913;1;dephosphorylation reaction
Q9NYA4;P84022;20061380;1;dephosphorylation reaction
Q05923;P28482;8626452;1;dephosphorylation reaction
Q05923;Q16539;8626452;1;dephosphorylation reaction
Q9P0J1;Q15797;16510868;1;dephosphorylation reaction
Q9P0J1;P29803;16436377;1;dephosphorylation reaction
Q9P0J1;P08559;7782287|16545080|14644048|16436377;2;dephosphorylation reaction
Q9P2J9;Q15797;16510868;1;dephosphorylation reaction
Q9P2J9;P29803;16436377;1;dephosphorylation reaction
Q9P2J9;P08559;14644048|16436377;2;dephosphorylation reaction
Q15678;P35222;12808048;1;dephosphorylation reaction
Q96HS1;Q99683;19590015;2;dephosphorylation reaction
O60346;Q9Y243;17386267|19261608;3;dephosphorylation reaction
O60346;P31749;15808505;2;dephosphorylation reaction
O60346;P31751;17386267|19261608;3;dephosphorylation reaction
O60346;P17252;18162466;2;dephosphorylation reaction
O60346;P05771;18162466;2;dephosphorylation reaction
O60346;Q13043;20513427;2;dephosphorylation reaction
Q6ZVD8;Q9Y243;17386267|19261608;3;dephosphorylation reaction
Q6ZVD8;P31749;17386267|19261608;3;dephosphorylation reaction
Q6ZVD8;P31751;17386267|19261608;3;dephosphorylation reaction
Q6ZVD8;P17252;18162466;2;dephosphorylation reaction
Q6ZVD8;P05771;18162466;2;dephosphorylation reaction
Q6ZVD8;Q13043;20513427;2;dephosphorylation reaction
Q9NRX4;P62873;16039992;2;dephosphorylation reaction
Q9NRX4;O15554;18796614;2;dephosphorylation reaction
Q9NRX4;P53396;12788074;1;dephosphorylation reaction
Q9NRX4;P62805;21679093;1;dephosphorylation reaction
O75319;P02686;10347225;1;dephosphorylation reaction
P05187;P13807;6243946;1;dephosphorylation reaction
Q96GD0;P23528;15580268;2;dephosphorylation reaction
P62136;P62136;19396163;1;dephosphorylation reaction
P62136;P04049;7604263;1;dephosphorylation reaction
P62136;P49674;9430669;1;dephosphorylation reaction
P62136;Q9BV73;10880350;1;dephosphorylation reaction
P62136;P05198;9694816|12941928|21622569|9023344;2;dephosphorylation reaction
P62136;Q05329;15147202;1;dephosphorylation reaction
P62136;Q13422;19282287;2;dephosphorylation reaction
P62136;P02686;8617739|16585947;2;dephosphorylation reaction
P62136;O75376;12410313;1;dephosphorylation reaction
P62136;P17252;9675027|1575696;2;dephosphorylation reaction
P62136;Q15139;9507012;1;dephosphorylation reaction
P62136;P19525;12138106;2;dephosphorylation reaction
P62136;Q15054;18826257;2;dephosphorylation reaction
P62136;P06400;8380224|8380637;2;dephosphorylation reaction
P62136;P21817;9922179;1;dephosphorylation reaction
P62136;Q99835;21730325;1;dephosphorylation reaction
P62136;P42575;19531356;2;dephosphorylation reaction
P62136;P16104;12926989;1;dephosphorylation reaction
P62136;P27708;4092695;1;dephosphorylation reaction
P62136;Q8TEW0;18641122;1;dephosphorylation reaction
P62136;P04637;15178317|16501611;3;dephosphorylation reaction
P62136;P10636;16262633;1;dephosphorylation reaction
P62136;P30307;14592972|16467385;1;dephosphorylation reaction
P62136;P19429;16585947;1;dephosphorylation reaction
P62136;P35236;14613483;1;dephosphorylation reaction
P62136;O43865;17635105;2;dephosphorylation reaction
P62136;Q05397;15975092|11513739;1;dephosphorylation reaction
P62136;O15169;17318175;1;dephosphorylation reaction
P62136;P38398;12438214|17603999;2;dephosphorylation reaction
P62136;Q92934;PMC3005908;1;dephosphorylation reaction
P62136;P55211;16888006;2;dephosphorylation reaction
P62136;Q13188;21199877;1;dephosphorylation reaction
P62136;Q13043;21199877;1;dephosphorylation reaction
P62136;P50750;21533037|18483222;2;dephosphorylation reaction
P62136;P45379;16585947;1;dephosphorylation reaction
P62136;Q9UQM7;9109540;1;dephosphorylation reaction
P62136;Q13555;18338982;1;dephosphorylation reaction
P62136;O14965;11039908;1;dephosphorylation reaction
P62136;P29474;19036824;1;dephosphorylation reaction
P62136;P05771;8749392|7961910;1;dephosphorylation reaction
P62136;Q05655;11959144;1;dephosphorylation reaction
P62136;Q99259;15147202;1;dephosphorylation reaction
P62140;P04049;7604263;1;dephosphorylation reaction
P62140;P06400;8380224|8380637;2;dephosphorylation reaction
P62140;P49674;9430669;1;dephosphorylation reaction
P62140;Q9BV73;10880350;1;dephosphorylation reaction
P62140;P05198;9694816|12941928|21622569|9023344;2;dephosphorylation reaction
P62140;Q05329;15147202;1;dephosphorylation reaction
P62140;Q13422;19282287;2;dephosphorylation reaction
P62140;P02686;8617739|16585947;2;dephosphorylation reaction
P62140;O75376;12410313;1;dephosphorylation reaction
P62140;P17252;9675027|1575696;2;dephosphorylation reaction
P62140;Q15139;9507012;1;dephosphorylation reaction
P62140;Q15054;18826257;2;dephosphorylation reaction
P62140;P21817;9922179;1;dephosphorylation reaction
P62140;Q99835;21730325;1;dephosphorylation reaction
P62140;P42575;19531356;2;dephosphorylation reaction
P62140;P16104;12926989;1;dephosphorylation reaction
P62140;P27708;4092695;1;dephosphorylation reaction
P62140;P04637;15178317|16501611;3;dephosphorylation reaction
P62140;P10636;16262633;1;dephosphorylation reaction
P62140;P30307;14592972|16467385;1;dephosphorylation reaction
P62140;P19429;16585947;1;dephosphorylation reaction
P62140;P35236;14613483;1;dephosphorylation reaction
P62140;O43865;17635105;2;dephosphorylation reaction
P62140;Q05397;15975092|11513739;1;dephosphorylation reaction
P62140;O15169;17318175;1;dephosphorylation reaction
P62140;Q92934;PMC3005908;1;dephosphorylation reaction
P62140;Q13188;21199877;1;dephosphorylation reaction
P62140;Q13043;21199877;1;dephosphorylation reaction
P62140;P45379;16585947;1;dephosphorylation reaction
P62140;Q9UQM7;9109540;1;dephosphorylation reaction
P62140;Q13555;18338982;1;dephosphorylation reaction
P62140;O14965;11039908;1;dephosphorylation reaction
P62140;P29474;19036824;1;dephosphorylation reaction
P62140;Q05655;11959144;1;dephosphorylation reaction
P62140;Q99259;15147202;1;dephosphorylation reaction
P36873;P04049;7604263;1;dephosphorylation reaction
P36873;P06400;8380224|8380637;2;dephosphorylation reaction
P36873;P49674;9430669;1;dephosphorylation reaction
P36873;Q9BV73;10880350;1;dephosphorylation reaction
P36873;P05198;9694816|12941928|21622569|9023344;2;dephosphorylation reaction
P36873;Q05329;15147202;1;dephosphorylation reaction
P36873;Q13422;19282287;2;dephosphorylation reaction
P36873;P02686;8617739|16585947;2;dephosphorylation reaction
P36873;O75376;12410313;1;dephosphorylation reaction
P36873;P17252;9675027|1575696|8805373;2;dephosphorylation reaction
P36873;Q15139;9507012;1;dephosphorylation reaction
P36873;Q15054;18826257;2;dephosphorylation reaction
P36873;P21817;9922179;1;dephosphorylation reaction
P36873;Q99835;21730325;1;dephosphorylation reaction
P36873;P42575;19531356;2;dephosphorylation reaction
P36873;P16104;12926989;1;dephosphorylation reaction
P36873;P27708;4092695;1;dephosphorylation reaction
P36873;P04637;15178317|16501611;3;dephosphorylation reaction
P36873;Q13315;20188555;1;dephosphorylation reaction
P36873;P10636;16262633;1;dephosphorylation reaction
P36873;P30307;14592972|16467385;1;dephosphorylation reaction
P36873;P19429;16585947;1;dephosphorylation reaction
P36873;P35236;14613483;1;dephosphorylation reaction
P36873;O43865;17635105;2;dephosphorylation reaction
P36873;Q05397;15975092|11513739;1;dephosphorylation reaction
P36873;O15169;17318175;1;dephosphorylation reaction
P36873;Q92934;PMC3005908;1;dephosphorylation reaction
P36873;Q13188;21199877;1;dephosphorylation reaction
P36873;Q13043;21199877;1;dephosphorylation reaction
P36873;P45379;16585947;1;dephosphorylation reaction
P36873;Q9UQM7;9109540;1;dephosphorylation reaction
P36873;Q13555;18338982;1;dephosphorylation reaction
P36873;O14965;11039908;1;dephosphorylation reaction
P36873;P68431;21514157;2;dephosphorylation reaction
P36873;P29474;19036824;1;dephosphorylation reaction
P36873;Q05655;11959144;1;dephosphorylation reaction
P36873;Q99259;15147202;1;dephosphorylation reaction
P67775;Q13873;19339557;1;dephosphorylation reaction
P67775;P02489;11295434;1;dephosphorylation reaction
P67775;Q13131;8652652;1;dephosphorylation reaction
P67775;O15169;10421629;1;dephosphorylation reaction
P67775;Q07812;16679323;2;dephosphorylation reaction
P67775;Q16566;8530476;1;dephosphorylation reaction
P67775;Q14012;1320022;1;dephosphorylation reaction
P67775;Q6P2M8;1320022;1;dephosphorylation reaction
P67775;Q13554;7798931;1;dephosphorylation reaction
P67775;P06493;1846321;1;dephosphorylation reaction
P67775;Q15078;21482799;1;dephosphorylation reaction
P67775;P50750;16048649;1;dephosphorylation reaction
P67775;Q13976;10322434;1;dephosphorylation reaction
P67775;P49674;9430669;1;dephosphorylation reaction
P67775;P16220;8386317|8065321;1;dephosphorylation reaction
P67775;Q05329;15147202;1;dephosphorylation reaction
P67775;P04792;7510704;2;dephosphorylation reaction
P67775;O15111;9252186;1;dephosphorylation reaction
P67775;O14920;19607706;1;dephosphorylation reaction
P67775;P45983;10322434;1;dephosphorylation reaction
P67775;P49137;1327754;1;dephosphorylation reaction
P67775;P02686;9644267|10866685|16895907;2;dephosphorylation reaction
P67775;Q02750;1716348;1;dephosphorylation reaction
P67775;P12036;20031277;1;dephosphorylation reaction
P67775;P28749;18927618;1;dephosphorylation reaction
P67775;P56945;11593413;1;dephosphorylation reaction
P67775;P23443;2826472|11124802|10200280;2;dephosphorylation reaction
P67775;Q15418;7623830;1;dephosphorylation reaction
P67775;P51812;7623830;1;dephosphorylation reaction
P67775;P49023;10675325;1;dephosphorylation reaction
P67775;P41743;15367694;1;dephosphorylation reaction
P67775;P17252;9675027;1;dephosphorylation reaction
P67775;Q15139;9507012;1;dephosphorylation reaction
P67775;P53350;9344838;1;dephosphorylation reaction
P67775;Q15172;10866685;1;dephosphorylation reaction
P67775;P04049;7604263;1;dephosphorylation reaction
P67775;P45985;10322434;1;dephosphorylation reaction
P67775;Q15797;19339557;2;dephosphorylation reaction
P67775;P84022;19951945;2;dephosphorylation reaction
P67775;Q99835;21730325;1;dephosphorylation reaction
P67775;P12931;10322434;1;dephosphorylation reaction
P67775;P50552;7656973;1;dephosphorylation reaction
P67775;P08670;10359611;2;dephosphorylation reaction
P67775;P68431;15880462;1;dephosphorylation reaction
P67775;Q92934;12944463|PMC3005908;2;dephosphorylation reaction
P67775;P37840;21562258;2;dephosphorylation reaction
P67775;P16104;16310392;2;dephosphorylation reaction
P67775;P27708;4092695;1;dephosphorylation reaction
P67775;P42574;15569672;1;dephosphorylation reaction
P67775;Q8WUI4;18339811;2;dephosphorylation reaction
P67775;P10636;16262633|12435421|1330687|8982166|10464280;2;dephosphorylation reaction
P67775;Q13315;15510216;1;dephosphorylation reaction
P67775;Q9NYA1;18852266;1;dephosphorylation reaction
P67775;Q6VY07;14633983;1;dephosphorylation reaction
P67775;O14757;17015476;2;dephosphorylation reaction
P67775;P08100;8617805;1;dephosphorylation reaction
P67775;Q08379;10769027;1;dephosphorylation reaction
P67775;P04637;1848668|17245430|14712210;3;dephosphorylation reaction
P67775;Q9H0H5;18201571;1;dephosphorylation reaction
P67775;P05787;16554440;1;dephosphorylation reaction
P67775;Q04206;17188031;1;dephosphorylation reaction
P67775;Q13153;18586681|10322434;3;dephosphorylation reaction
P67775;P01106;15048125;1;dephosphorylation reaction
P67775;Q9BXL7;21157432;2;dephosphorylation reaction
P67775;Q13522;11278334;2;dephosphorylation reaction
P67775;P40189;15786731;1;dephosphorylation reaction
P67775;P10415;15225643|9852076;3;dephosphorylation reaction
P67775;Q12933;17188031;1;dephosphorylation reaction
P67775;P24941;7569954;1;dephosphorylation reaction
P67775;Q13188;21199877;1;dephosphorylation reaction
P67775;Q16539;12548554|12297294;2;dephosphorylation reaction
P67775;Q13043;21199877;1;dephosphorylation reaction
P67775;P28482;7780739|16456541|2154696;3;dephosphorylation reaction
P67775;O43318;17079228;1;dephosphorylation reaction
P67775;P17612;8550570;1;dephosphorylation reaction
P67775;Q00987;11983168;2;dephosphorylation reaction
P67775;P32519;18714041;1;dephosphorylation reaction
P67775;Q9UQM7;9109540|7798931;2;dephosphorylation reaction
P67775;Q13555;18338982;1;dephosphorylation reaction
P67775;Q9Y243;18160256;2;dephosphorylation reaction
P67775;P31749;11087733|11812651|15367694;3;dephosphorylation reaction
P67775;P05771;8749392|15880462;3;dephosphorylation reaction
P67775;Q05655;11959144;2;dephosphorylation reaction
P67775;P13639;8386634|2555220|2176079;2;dephosphorylation reaction
P67775;O96017;15380617|16596250;3;dephosphorylation reaction
P67775;Q9UD71;12065642|10217279;1;dephosphorylation reaction
P67775;P05556;14660602|10896784;2;dephosphorylation reaction
P67775;Q99259;15147202;1;dephosphorylation reaction
P62714;Q13873;19339557;1;dephosphorylation reaction
P62714;P02489;11295434;1;dephosphorylation reaction
P62714;Q13131;8652652;1;dephosphorylation reaction
P62714;O15169;10421629;1;dephosphorylation reaction
P62714;Q07812;16679323;2;dephosphorylation reaction
P62714;Q16566;8530476;1;dephosphorylation reaction
P62714;Q14012;1320022;1;dephosphorylation reaction
P62714;Q6P2M8;1320022;1;dephosphorylation reaction
P62714;Q13554;7798931;1;dephosphorylation reaction
P62714;P06493;1846321;1;dephosphorylation reaction
P62714;Q15078;21482799;1;dephosphorylation reaction
P62714;P50750;16048649;1;dephosphorylation reaction
P62714;Q13976;10322434;1;dephosphorylation reaction
P62714;P49674;9430669;1;dephosphorylation reaction
P62714;P16220;8386317|8065321;1;dephosphorylation reaction
P62714;Q05329;15147202;1;dephosphorylation reaction
P62714;P04792;7510704;2;dephosphorylation reaction
P62714;O15111;9252186;1;dephosphorylation reaction
P62714;P45983;10322434;1;dephosphorylation reaction
P62714;P49137;1327754;1;dephosphorylation reaction
P62714;P02686;9644267|10866685|16895907;2;dephosphorylation reaction
P62714;Q02750;1716348;1;dephosphorylation reaction
P62714;P12036;20031277;1;dephosphorylation reaction
P62714;P28749;18927618;1;dephosphorylation reaction
P62714;P56945;11593413;1;dephosphorylation reaction
P62714;P23443;2826472|11124802|10200280;2;dephosphorylation reaction
P62714;Q15418;7623830;1;dephosphorylation reaction
P62714;P51812;7623830;1;dephosphorylation reaction
P62714;P49023;10675325;1;dephosphorylation reaction
P62714;P41743;15367694;1;dephosphorylation reaction
P62714;P17252;9675027;1;dephosphorylation reaction
P62714;Q15139;9507012;1;dephosphorylation reaction
P62714;P53350;9344838;1;dephosphorylation reaction
P62714;Q15172;10866685;1;dephosphorylation reaction
P62714;P04049;7604263;1;dephosphorylation reaction
P62714;P45985;10322434;1;dephosphorylation reaction
P62714;Q15797;19339557;2;dephosphorylation reaction
P62714;P84022;19951945;2;dephosphorylation reaction
P62714;Q99835;21730325;1;dephosphorylation reaction
P62714;P12931;10322434;1;dephosphorylation reaction
P62714;P50552;7656973;1;dephosphorylation reaction
P62714;P08670;10359611;2;dephosphorylation reaction
P62714;P68431;15880462;1;dephosphorylation reaction
P62714;Q92934;12944463|PMC3005908;2;dephosphorylation reaction
P62714;P37840;21562258;2;dephosphorylation reaction
P62714;P16104;16310392;2;dephosphorylation reaction
P62714;P27708;4092695;1;dephosphorylation reaction
P62714;P42574;15569672;1;dephosphorylation reaction
P62714;Q8WUI4;18339811;2;dephosphorylation reaction
P62714;O14920;17188031|19607706;3;dephosphorylation reaction
P62714;P10636;16262633|12435421|1330687|8982166|10464280;2;dephosphorylation reaction
P62714;Q13315;15510216;1;dephosphorylation reaction
P62714;Q9NYA1;18852266;1;dephosphorylation reaction
P62714;Q6VY07;14633983;1;dephosphorylation reaction
P62714;O14757;17015476;2;dephosphorylation reaction
P62714;P08100;8617805;1;dephosphorylation reaction
P62714;Q08379;10769027;1;dephosphorylation reaction
P62714;P04637;1848668|17245430|14712210;3;dephosphorylation reaction
P62714;Q9H0H5;18201571;1;dephosphorylation reaction
P62714;P05787;16554440;1;dephosphorylation reaction
P62714;Q13153;18586681|10322434;3;dephosphorylation reaction
P62714;P01106;15048125;1;dephosphorylation reaction
P62714;Q9BXL7;21157432;2;dephosphorylation reaction
P62714;Q13522;11278334;2;dephosphorylation reaction
P62714;P40189;15786731;1;dephosphorylation reaction
P62714;P10415;15225643|9852076;3;dephosphorylation reaction
P62714;Q12933;17188031;1;dephosphorylation reaction
P62714;P24941;7569954;1;dephosphorylation reaction
P62714;Q13188;21199877;1;dephosphorylation reaction
P62714;Q16539;12548554|12297294;2;dephosphorylation reaction
P62714;Q13043;21199877;1;dephosphorylation reaction
P62714;P28482;7780739|16456541|2154696;3;dephosphorylation reaction
P62714;O43318;17079228;1;dephosphorylation reaction
P62714;P17612;8550570;1;dephosphorylation reaction
P62714;Q00987;11983168;2;dephosphorylation reaction
P62714;P32519;18714041;1;dephosphorylation reaction
P62714;Q9UQM7;9109540|7798931;2;dephosphorylation reaction
P62714;Q13555;18338982;1;dephosphorylation reaction
P62714;Q9Y243;18160256;2;dephosphorylation reaction
P62714;P31749;11087733|11812651|15367694;3;dephosphorylation reaction
P62714;P05771;8749392|15880462;3;dephosphorylation reaction
P62714;Q05655;11959144;2;dephosphorylation reaction
P62714;P13639;8386634|2555220|2176079;2;dephosphorylation reaction
P62714;O96017;15380617|16596250;3;dephosphorylation reaction
P62714;Q9UD71;12065642|10217279;1;dephosphorylation reaction
P62714;P05556;14660602|10896784;2;dephosphorylation reaction
P62714;Q99259;15147202;1;dephosphorylation reaction
Q08209;Q13469;9660947|11030334;2;dephosphorylation reaction
Q08209;P02489;2548498;1;dephosphorylation reaction
Q08209;P27824;20700529;1;dephosphorylation reaction
Q08209;P49674;9430669;1;dephosphorylation reaction
Q08209;Q05329;15147202;1;dephosphorylation reaction
Q08209;P04792;7510704;1;dephosphorylation reaction
Q08209;P12036;20031277;1;dephosphorylation reaction
Q08209;Q14973;12065290;1;dephosphorylation reaction
Q08209;P13861;9660947;1;dephosphorylation reaction
Q08209;Q8WYL5;15671020;1;dephosphorylation reaction
Q08209;P50552;7656973;1;dephosphorylation reaction
Q08209;P53805;12063245;1;dephosphorylation reaction
Q08209;Q6VAB6;19560418;1;dephosphorylation reaction
Q08209;P10636;16262633|15959850|9660947;2;dephosphorylation reaction
Q08209;P21333;16442073;2;dephosphorylation reaction
Q08209;P05412;17215518;1;dephosphorylation reaction
Q08209;P19419;10329725;1;dephosphorylation reaction
Q08209;O00429;18838687|17721437;2;dephosphorylation reaction
Q08209;Q13522;11278334;2;dephosphorylation reaction
Q08209;Q92934;10195903|PMC3005908;3;dephosphorylation reaction
Q08209;P50570;20496096;2;dephosphorylation reaction
Q08209;Q05193;8052858|20496096;1;dephosphorylation reaction
Q08209;P49841;19659461;1;dephosphorylation reaction
Q08209;Q9UD71;12065642|10217279;1;dephosphorylation reaction
Q08209;Q99259;7896780|15147202;1;dephosphorylation reaction
P16298;Q13469;9660947|11030334;2;dephosphorylation reaction
P16298;P02489;2548498;1;dephosphorylation reaction
P16298;P27824;20700529;1;dephosphorylation reaction
P16298;P49674;9430669;1;dephosphorylation reaction
P16298;Q05329;15147202;1;dephosphorylation reaction
P16298;P04792;7510704;1;dephosphorylation reaction
P16298;P12036;20031277;1;dephosphorylation reaction
P16298;Q14973;12065290;1;dephosphorylation reaction
P16298;P13861;9660947;1;dephosphorylation reaction
P16298;Q8WYL5;15671020;1;dephosphorylation reaction
P16298;P50552;7656973;1;dephosphorylation reaction
P16298;P53805;12063245;1;dephosphorylation reaction
P16298;Q6VAB6;19560418;1;dephosphorylation reaction
P16298;P10636;16262633|15959850|9660947;2;dephosphorylation reaction
P16298;P21333;16442073;2;dephosphorylation reaction
P16298;P05412;17215518;1;dephosphorylation reaction
P16298;P19419;10329725;1;dephosphorylation reaction
P16298;O00429;18838687|17721437;2;dephosphorylation reaction
P16298;Q13522;11278334;2;dephosphorylation reaction
P16298;Q92934;10195903|PMC3005908;3;dephosphorylation reaction
P16298;P50570;20496096;2;dephosphorylation reaction
P16298;Q05193;8052858|20496096;1;dephosphorylation reaction
P16298;P49841;19659461;1;dephosphorylation reaction
P16298;Q9UD71;12065642|10217279;1;dephosphorylation reaction
P16298;Q99259;7896780|15147202;1;dephosphorylation reaction
P48454;Q13469;9660947|11030334;2;dephosphorylation reaction
P48454;P02489;2548498;1;dephosphorylation reaction
P48454;P27824;20700529;1;dephosphorylation reaction
P48454;P49674;9430669;1;dephosphorylation reaction
P48454;Q05329;15147202;1;dephosphorylation reaction
P48454;P04792;7510704;1;dephosphorylation reaction
P48454;P12036;20031277;1;dephosphorylation reaction
P48454;Q14973;12065290;1;dephosphorylation reaction
P48454;P13861;9660947;1;dephosphorylation reaction
P48454;Q8WYL5;15671020;1;dephosphorylation reaction
P48454;P50552;7656973;1;dephosphorylation reaction
P48454;P53805;12063245;1;dephosphorylation reaction
P48454;Q6VAB6;19560418;1;dephosphorylation reaction
P48454;P10636;16262633|15959850|9660947;2;dephosphorylation reaction
P48454;P21333;16442073;2;dephosphorylation reaction
P48454;P05412;17215518;1;dephosphorylation reaction
P48454;P19419;10329725;1;dephosphorylation reaction
P48454;O00429;18838687|17721437;2;dephosphorylation reaction
P48454;Q13522;11278334;2;dephosphorylation reaction
P48454;Q92934;10195903|PMC3005908;3;dephosphorylation reaction
P48454;P50570;20496096;2;dephosphorylation reaction
P48454;Q05193;8052858|20496096;1;dephosphorylation reaction
P48454;P49841;19659461;1;dephosphorylation reaction
P48454;Q9UD71;12065642|10217279;1;dephosphorylation reaction
P48454;Q99259;7896780|15147202;1;dephosphorylation reaction
P35813;Q13177;18586681;1;dephosphorylation reaction
P35813;Q5VT25;18586681;1;dephosphorylation reaction
P35813;Q9Y5S2;18586681;1;dephosphorylation reaction
P35813;O15169;10644691;2;dephosphorylation reaction
P35813;Q16539;9707433|18586681;3;dephosphorylation reaction
P35813;P52564;9707433;2;dephosphorylation reaction
P35813;P45985;9707433;2;dephosphorylation reaction
P35813;Q15797;16931515;2;dephosphorylation reaction
P35813;Q15796;16751101;1;dephosphorylation reaction
P35813;P84022;16751101;1;dephosphorylation reaction
P35813;O14920;18930133;2;dephosphorylation reaction
P35813;Q13153;18586681;2;dephosphorylation reaction
P35813;P27986;15016818;1;dephosphorylation reaction
P35813;Q14832;14663150;1;dephosphorylation reaction
P35813;Q12798;PMC3005908;1;dephosphorylation reaction
P35813;P24941;10934208;1;dephosphorylation reaction
P35813;Q00534;10934208;1;dephosphorylation reaction
P35813;P50750;18829461;2;dephosphorylation reaction
P35813;Q05655;11959144;1;dephosphorylation reaction
P35813;P26038;10480873;1;dephosphorylation reaction
P35813;P13639;8386634|7548224|2176079;2;dephosphorylation reaction
O75688;P41208;PMC3005908;1;dephosphorylation reaction
O75688;O14920;14585847|18930133;3;dephosphorylation reaction
O75688;O43318;11104763;1;dephosphorylation reaction
O75688;Q92934;PMC3005908;1;dephosphorylation reaction
O75688;Q12798;PMC3005908;1;dephosphorylation reaction
O75688;P24941;10934208;1;dephosphorylation reaction
O75688;Q00534;10934208;1;dephosphorylation reaction
O75688;P50750;18829461;1;dephosphorylation reaction
O75688;P26038;10480873;1;dephosphorylation reaction
O15355;P38432;19435804;1;dephosphorylation reaction
O15355;Q9UHI6;17984321;2;dephosphorylation reaction
O15355;P0C0S8;17074886;1;dephosphorylation reaction
O15355;Q99879;17074886;1;dephosphorylation reaction
O15355;Q16637;17984321;2;dephosphorylation reaction
O15355;P16104;17074886;1;dephosphorylation reaction
O15297;P16104;20118229;2;dephosphorylation reaction
O15297;P04637;15870257;2;dephosphorylation reaction
O15297;Q13315;16949371;2;dephosphorylation reaction
O15297;P51812;15206906;2;dephosphorylation reaction
O15297;O14757;15870257;2;dephosphorylation reaction
O15297;Q00987;17936559;2;dephosphorylation reaction
O15297;Q16539;11101524;1;dephosphorylation reaction
O15297;P13051;15327777;1;dephosphorylation reaction
O15297;O96017;16311512;2;dephosphorylation reaction
Q5SGD2;Q9Y5P4;18165232;1;dephosphorylation reaction
Q5SGD2;O43318;12556533;1;dephosphorylation reaction
Q5SGD2;Q99683;17456047;1;dephosphorylation reaction
Q96MI6;O14920;19594441;2;dephosphorylation reaction
Q8N3J5;P12694;19411760;2;dephosphorylation reaction
P60510;Q92918;15364934;1;dephosphorylation reaction
P60510;P15927;20154705;2;dephosphorylation reaction
P60510;P16104;18758438|18614045;3;dephosphorylation reaction
P60510;O15379;15805470;1;dephosphorylation reaction
P60510;Q9GZM8;18347064;2;dephosphorylation reaction
P60510;Q04206;15073167;1;dephosphorylation reaction
P53041;P49674;16790549;1;dephosphorylation reaction
P53041;Q16543;18922470;2;dephosphorylation reaction
P53041;P10636;16262633|12435421;1;dephosphorylation reaction
P53041;P04150;19586900;1;dephosphorylation reaction
P53041;P04049;16892053;2;dephosphorylation reaction
P53041;Q92934;PMC3005908;1;dephosphorylation reaction
P53041;Q9UPZ9;16954377;2;dephosphorylation reaction
P53041;Q99683;11689443|17456047;3;dephosphorylation reaction
O00743;O14965;21187329;1;dephosphorylation reaction
O00743;P78527;19198648;1;dephosphorylation reaction
O00743;P02686;16895907;1;dephosphorylation reaction
O00743;P16104;20065038;1;dephosphorylation reaction
O00743;O43318;17079228;1;dephosphorylation reaction
Q9ULR3;P55060;18059182;2;dephosphorylation reaction
Q9ULR3;P46527;;2;dephosphorylation reaction
Q93096;P17544;11278933;1;dephosphorylation reaction
O75365;P05556;19930715|16472776;1;dephosphorylation reaction
O75365;P19338;20860603;1;dephosphorylation reaction
O75365;P56945;11355880;1;dephosphorylation reaction
O75365;P16949;20806969;1;dephosphorylation reaction
O75365;P05787;19115206;1;dephosphorylation reaction
O75365;P15311;18078820;2;dephosphorylation reaction
P60484;P09619;14718524;1;dephosphorylation reaction
P60484;P29353;10427092|21206972;3;dephosphorylation reaction
P60484;P16220;21385900;2;dephosphorylation reaction
P60484;Q05397;10400703|9616126|10427092;2;dephosphorylation reaction
P18031;P04049;7604263;1;dephosphorylation reaction
P18031;P29350;21123182;2;dephosphorylation reaction
P18031;P35222;9786960;1;dephosphorylation reaction
P18031;P46108;12799422;2;dephosphorylation reaction
P18031;P19235;14527337;2;dephosphorylation reaction
P18031;Q13480;21123182;2;dephosphorylation reaction
P18031;P49841;7514173;1;dephosphorylation reaction
P18031;P08069;8702689;1;dephosphorylation reaction
P18031;P35568;11579209|10660596;3;dephosphorylation reaction
P18031;O43561;12857726;2;dephosphorylation reaction
P18031;P46459;19208619;1;dephosphorylation reaction
P18031;P56945;8940134|9418872;1;dephosphorylation reaction
P18031;Q99704;14766979;1;dephosphorylation reaction
P18031;P19174;21123182;2;dephosphorylation reaction
P18031;Q06124;21123182;2;dephosphorylation reaction
P18031;P42226;18716132;2;dephosphorylation reaction
P18031;P29597;11694501;2;dephosphorylation reaction
P18031;O60674;11970898|15821101|11694501;3;dephosphorylation reaction
P18031;P00533;9050838|10889023|7540771|8621392|12424235|9355745|21123182;3;dephosphorylation reaction
P18031;P12814;16291744;2;dephosphorylation reaction
P18031;P08581;18819921;1;dephosphorylation reaction
P18031;Q03135;16388599;2;dephosphorylation reaction
P18031;Q9H1D0;17197020|15894168;2;dephosphorylation reaction
P18031;O75886;20504764;2;dephosphorylation reaction
P18031;P10912;12907755;2;dephosphorylation reaction
P18031;Q05397;16291744|9418872;2;dephosphorylation reaction
P18031;P12931;11007774|16115959|15866871|17974954;3;dephosphorylation reaction
P18031;P25963;8940099;1;dephosphorylation reaction
P18031;Q14247;18387954;1;dephosphorylation reaction
P18031;P03372;7539106;1;dephosphorylation reaction
P18031;P18031;11506178;2;dephosphorylation reaction
P18031;P42229;10993888;2;dephosphorylation reaction
P18031;P51692;10993888;2;dephosphorylation reaction
P18031;P40763;11970898|15821101;3;dephosphorylation reaction
P18031;P09619;7545675|9355745|7693671;3;dephosphorylation reaction
P18031;P29320;21135139;2;dephosphorylation reaction
P18031;P06213;12634852|16582879|16271887|17159996|15588987|17481567|8826975|14722096|12237455|11579209|8999839|11163213;3;dephosphorylation reaction
Q12923;Q9BUL8;17657516;1;dephosphorylation reaction
Q12923;P35568;17638892;2;dephosphorylation reaction
Q12923;P02686;7929060;1;dephosphorylation reaction
Q12923;P25963;11106428|9882613;3;dephosphorylation reaction
Q12923;Q15654;17591779;2;dephosphorylation reaction
Q16825;P12931;15143158;1;dephosphorylation reaction
P26045;P53778;20332238;2;dephosphorylation reaction
P26045;P20963;14672952;2;dephosphorylation reaction
P26045;P10912;12907755;2;dephosphorylation reaction
P26045;P55072;10364224;2;dephosphorylation reaction
P29074;P20963;18614237;2;dephosphorylation reaction
P43378;P00533;20335174;1;dephosphorylation reaction
P43378;P04626;20335174;1;dephosphorylation reaction
P43378;P46459;15322554;1;dephosphorylation reaction
Q99952;Q9NRY4;12554790;1;dephosphorylation reaction
Q99952;O43586;9265651;1;dephosphorylation reaction
Q99952;P00519;11163214;1;dephosphorylation reaction
Q99952;P06241;11158295;1;dephosphorylation reaction
Q16827;Q16288;19573017;1;dephosphorylation reaction
Q16827;P54764;16680165;2;dephosphorylation reaction
Q16827;P29323;16680165;2;dephosphorylation reaction
Q05209;P56945;9285683|12714323|9748319|8887669|9920935;3;dephosphorylation reaction
Q05209;P00519;11163214;1;dephosphorylation reaction
Q05209;P42768;14707117;1;dephosphorylation reaction
Q05209;O43586;11711533;1;dephosphorylation reaction
Q05209;Q05397;19595712;2;dephosphorylation reaction
Q05209;Q14289;11337490;2;dephosphorylation reaction
Q05209;P12931;18482983;1;dephosphorylation reaction
Q15256;Q13164;12042304;2;dephosphorylation reaction
Q8IXW5;P24928;22137580;2;dephosphorylation reaction
Q92729;P00533;8870675;1;dephosphorylation reaction
Q92729;P35222;12501215|16574648;1;dephosphorylation reaction
P18433;P56945;10787408;2;dephosphorylation reaction
P18433;P07948;15537644;1;dephosphorylation reaction
P18433;P12931;10698938|11923305;2;dephosphorylation reaction
P18433;P06241;9535845;1;dephosphorylation reaction
P18433;P18433;7518772;2;dephosphorylation reaction
P23467;Q02763;10557082|19116766|19451274;3;dephosphorylation reaction
P23467;P35968;19136612;1;dephosphorylation reaction
P23467;P08581;21454675;2;dephosphorylation reaction
P23468;P40763;19478061;2;dephosphorylation reaction
P23469;P27361;12754301;1;dephosphorylation reaction
P23469;P06241;14980517;1;dephosphorylation reaction
P23469;P07947;14980517;1;dephosphorylation reaction
P23469;P28482;12754301;1;dephosphorylation reaction
P23469;P06213;15738637;1;dephosphorylation reaction
P23469;Q14721;10921884;2;dephosphorylation reaction
P23469;P12931;12598528|15522235;2;dephosphorylation reaction
P23471;P04629;18477627;2;dephosphorylation reaction
P23471;Q9NRY4;16513268|15588986;2;dephosphorylation reaction
P23471;P35612;16105548;1;dephosphorylation reaction
Q12913;O43561;11259588;1;dephosphorylation reaction
Q12913;Q16625;19332538;2;dephosphorylation reaction
Q12913;O60716;12370829;1;dephosphorylation reaction
Q12913;P27986;18348712;2;dephosphorylation reaction
Q12913;P19174;11259588;1;dephosphorylation reaction
Q12913;Q07157;19332538;2;dephosphorylation reaction
Q12913;P35968;18936167;2;dephosphorylation reaction
Q12913;P00533;19836242;1;dephosphorylation reaction
Q12913;P08581;12475979;2;dephosphorylation reaction
Q12913;P28482;19494114;2;dephosphorylation reaction
Q12913;P27361;19494114;2;dephosphorylation reaction
Q12913;P07948;20345711;1;dephosphorylation reaction
Q12913;P12931;15735685|20345711;3;dephosphorylation reaction
Q12913;P06241;20345711;1;dephosphorylation reaction
Q12913;P22681;19836242;1;dephosphorylation reaction
Q12913;P09619;12062403|10821867;2;dephosphorylation reaction
Q12913;P07949;16778204;2;dephosphorylation reaction
Q15262;P35222;8663237;1;dephosphorylation reaction
Q15262;P00533;16263724;2;dephosphorylation reaction
P28827;O60716;10753936;2;dephosphorylation reaction
O14522;P12830;16973135;1;dephosphorylation reaction
O14522;O60716;16973135;1;dephosphorylation reaction
O14522;P40763;17360477;2;dephosphorylation reaction
O14522;P49023;20133777;2;dephosphorylation reaction
Q13332;P00533;10435588|15522239;2;dephosphorylation reaction
Q13332;P04629;17967490;1;dephosphorylation reaction
Q13332;Q16620;17967490;1;dephosphorylation reaction
Q13332;Q16288;17967490;1;dephosphorylation reaction
Q9HD43;P06239;12837766;1;dephosphorylation reaction
Q9HD43;P56945;11278335;2;dephosphorylation reaction
Q9HD43;Q99704;12101188;1;dephosphorylation reaction
Q9HD43;P12931;15850787;1;dephosphorylation reaction
Q9GZU7;P24928;12721286|17157258;2;dephosphorylation reaction
Q9GZU7;Q15797;17085434|16882717;2;dephosphorylation reaction
Q9GZU7;P84022;17035229;2;dephosphorylation reaction
Q9GZU7;Q15796;17035229|17085434;3;dephosphorylation reaction
O14595;P24928;12721286;1;dephosphorylation reaction
O14595;Q15797;17085434|16882717;2;dephosphorylation reaction
O14595;P84022;17035229;2;dephosphorylation reaction
O14595;Q15796;17035229|17085434;3;dephosphorylation reaction
O15194;Q13555;18338982;1;dephosphorylation reaction
O15194;Q15797;17085434|16882717;2;dephosphorylation reaction
O15194;P06400;15051889;1;dephosphorylation reaction
O15194;P84022;17035229;2;dephosphorylation reaction
O15194;Q15796;17035229|17085434;3;dephosphorylation reaction
P29350;P12814;15070900;2;dephosphorylation reaction
P29350;P00533;9038217;2;dephosphorylation reaction
P29350;O60674;8943354;1;dephosphorylation reaction
P29350;P29475;11511520;1;dephosphorylation reaction
P29350;O60716;10835420;1;dephosphorylation reaction
P29350;P08922;11266449;1;dephosphorylation reaction
P29350;P20138;10206955;1;dephosphorylation reaction
P29350;P10721;7684496;1;dephosphorylation reaction
P29350;P35968;18377662;1;dephosphorylation reaction
P29350;O94916;20351292;2;dephosphorylation reaction
P29350;P12931;9261115;2;dephosphorylation reaction
P29350;P31260;12145285;1;dephosphorylation reaction
P29350;P06239;11294838|10617656;3;dephosphorylation reaction
P29350;P07948;15537644;1;dephosphorylation reaction
P29350;Q14790;18086677;1;dephosphorylation reaction
P29350;P03372;7539106;1;dephosphorylation reaction
P29350;Q9UQC2;11812650;1;dephosphorylation reaction
P29350;P04629;14662744;2;dephosphorylation reaction
P29350;P20273;8627166|10228003|9890995;2;dephosphorylation reaction
Q06124;O43597;15031289;2;dephosphorylation reaction
Q06124;Q9NWQ8;14967142;1;dephosphorylation reaction
Q06124;Q9Y6R4;15601262;2;dephosphorylation reaction
Q06124;Q13017;15169898;1;dephosphorylation reaction
Q06124;P49023;14665621;1;dephosphorylation reaction
Q06124;O43609;15031289;2;dephosphorylation reaction
Q06124;Q14289;10880513;2;dephosphorylation reaction
Q06124;P78324;8943344|8910355;1;dephosphorylation reaction
Q06124;O60674;14522994;1;dephosphorylation reaction
Q06124;P00533;14560030|12582165;2;dephosphorylation reaction
Q06124;O95297;9792637|10681522;1;dephosphorylation reaction
Q06124;P12931;18482983;1;dephosphorylation reaction
Q06124;Q13480;12582165|14701753|11323411|11453982;3;dephosphorylation reaction
Q06124;P16581;11602579;1;dephosphorylation reaction
Q06124;Q9UQC2;11812650|10068651;2;dephosphorylation reaction
Q06124;P42229;10617656;1;dephosphorylation reaction
Q06124;P51692;10617656;1;dephosphorylation reaction
Q06124;P42224;12270932|18832710;3;dephosphorylation reaction
Q06124;P09619;7545675;2;dephosphorylation reaction
Q06124;P35568;7515062|7935386;2;dephosphorylation reaction
Q06124;P35968;19706677;1;dephosphorylation reaction
Q8WYL5;Q9BR76;17350576;2;dephosphorylation reaction
Q8WYL5;P23528;11832213|14531860;2;dephosphorylation reaction
Q8WYL5;P60981;11832213;2;dephosphorylation reaction
Q8WYL5;P53667;15660133;1;dephosphorylation reaction
Q76I76;P23528;11832213|14531860;2;dephosphorylation reaction
Q8TE77;P23528;14531860;2;dephosphorylation reaction
Q9NP77;P24928;15125841;2;dephosphorylation reaction
P54829;Q16611;20959805;1;dephosphorylation reaction
P54829;P06241;11983687;1;dephosphorylation reaction
P17706;P00533;9488479|10488121|11479308;2;dephosphorylation reaction
P17706;Q02790;12552015;1;dephosphorylation reaction
P17706;P52333;11909529;1;dephosphorylation reaction
P17706;P40763;12359225;2;dephosphorylation reaction
P17706;P42229;11773439;2;dephosphorylation reaction
P17706;P51692;11773439;2;dephosphorylation reaction
P17706;P42226;17210636;2;dephosphorylation reaction
P17706;P23458;11909529;1;dephosphorylation reaction
P17706;P06213;12612081|10734133;3;dephosphorylation reaction
P17706;P08581;18819921;1;dephosphorylation reaction
P17706;Q03135;20940300;1;dephosphorylation reaction
P17706;P29353;9488479;1;dephosphorylation reaction
P17706;O00401;16293614;1;dephosphorylation reaction
P17706;P12931;15696169;2;dephosphorylation reaction
P17706;P42224;12138178|12923054|12171910;3;dephosphorylation reaction
P17706;P09619;14966296;2;dephosphorylation reaction
P17706;P35968;18840653;2;dephosphorylation reaction
Q9UII6;P02686;10585869;1;dephosphorylation reaction
P13686;P15289;8706666;1;dephosphorylation reaction
Q8WVY7;P24928;15883030;1;dephosphorylation reaction
Q9BV47;Q92845;19043453;1;dephosphorylation reaction
Q9BV47;Q16539;16924234;1;dephosphorylation reaction
Q9BV47;P04637;20562916;2;dephosphorylation reaction
P51452;P47710;1281549;1;dephosphorylation reaction
P51452;P05814;1281549;1;dephosphorylation reaction
P51452;P06213;1281549;1;dephosphorylation reaction
P51452;P45983;12204117|11971192;3;dephosphorylation reaction
P51452;P45984;11971192;2;dephosphorylation reaction
P51452;P21802;1281549;1;dephosphorylation reaction
P51452;Q16539;12204117;1;dephosphorylation reaction
P51452;P09619;1281549;1;dephosphorylation reaction
P51452;P42229;17785772;2;dephosphorylation reaction
P51452;P00533;21262974|1281549;3;dephosphorylation reaction
P51452;P28482;10224087;2;dephosphorylation reaction
P51452;P27361;10224087;2;dephosphorylation reaction
P51452;P04626;21262974;2;dephosphorylation reaction
Q9UNI6;P35557;10913113;1;dephosphorylation reaction
P62136;P20700;9368037;1;dephosphorylation reaction
P62136;P31749;14633703;2;dephosphorylation reaction
P62140;P31749;14633703;2;dephosphorylation reaction
P36873;P31749;14633703;2;dephosphorylation reaction
P60484;P60484;22413754;1;dephosphorylation reaction
